<?xml version="1.0" encoding="UTF-8"?>
<ehcache xmlns:xsi="http://www.w3.org/2001/XMLSchema-instance"
	xsi:noNamespaceSchemaLocation="ehcache.xsd" updateCheck="true"
	monitoring="autodetect" dynamicConfig="true">

<!--  <diskStore path="D:/cachedata" />-->	
 <diskStore path="java.io.tmpdir"/>

	<!-- Default Cache configuration. These settings will be applied to caches 
		created programmatically using CacheManager.add(String cacheName). This element 
		is optional, and using CacheManager.add(String cacheName) when its not present 
		will throw CacheException The defaultCache has an implicit name "default" 
		which is a reserved cache name. -->
	<defaultCache maxElementsInMemory="10000"
		maxElementsOnDisk="100000" eternal="false" timeToIdleSeconds="3600"
		timeToLiveSeconds="7200" overflowToDisk="false" diskSpoolBufferSizeMB="30"
		diskPersistent="false" diskExpiryThreadIntervalSeconds="120"
		memoryStoreEvictionPolicy="LRU" statistics="false"/>

	<cache name="usercache" maxElementsInMemory="1000"
		maxElementsOnDisk="10000" eternal="false" overflowToDisk="false"
		diskPersistent="false" diskSpoolBufferSizeMB="20" timeToIdleSeconds="3600"
		timeToLiveSeconds="7200" diskExpiryThreadIntervalSeconds="120"
		memoryStoreEvictionPolicy="LFU">
			<searchable/>
	</cache>

	<cache name="picturecache" maxElementsInMemory="1000"
		maxElementsOnDisk="10000" eternal="false" overflowToDisk="false"
		diskPersistent="false" diskSpoolBufferSizeMB="20" timeToIdleSeconds="3600"
		timeToLiveSeconds="7200" diskExpiryThreadIntervalSeconds="120"
		memoryStoreEvictionPolicy="LFU">
	</cache>

	<cache name="storycache" maxElementsInMemory="10000"
		maxElementsOnDisk="100000" diskPersistent="false" eternal="false"
		timeToIdleSeconds="3600" timeToLiveSeconds="7200" overflowToDisk="false"
		diskSpoolBufferSizeMB="30" diskExpiryThreadIntervalSeconds="120"
		memoryStoreEvictionPolicy="LRU"  >
	</cache>

	<cache name="commentcache" maxElementsInMemory="10000"
		maxElementsOnDisk="100000" diskPersistent="false" eternal="false"
		timeToIdleSeconds="3600" timeToLiveSeconds="7200" overflowToDisk="false"
		diskSpoolBufferSizeMB="30" diskExpiryThreadIntervalSeconds="120"
		memoryStoreEvictionPolicy="LRU" >
	</cache>

	<cache name="votecache" maxElementsInMemory="10000"
		maxElementsOnDisk="100000" diskPersistent="false" eternal="false"
		timeToIdleSeconds="3600" timeToLiveSeconds="7200" overflowToDisk="false"
		diskSpoolBufferSizeMB="30" diskExpiryThreadIntervalSeconds="120"
		memoryStoreEvictionPolicy="LRU" >
	</cache>

	<cache name="thumbnailcache" maxElementsInMemory="10000"
		maxElementsOnDisk="100000" diskPersistent="false" eternal="false"
		timeToIdleSeconds="3600" timeToLiveSeconds="7200" overflowToDisk="false"
		diskSpoolBufferSizeMB="30" diskExpiryThreadIntervalSeconds="120"
		memoryStoreEvictionPolicy="LRU" >
	</cache>

</ehcache>