<?xml version="1.0" encoding="UTF-8"?>
<beans xmlns="http://www.springframework.org/schema/beans"
	xmlns:security="http://www.springframework.org/schema/security"
	xmlns:xsi="http://www.w3.org/2001/XMLSchema-instance" xmlns:util="http://www.springframework.org/schema/util"
	xmlns:context="http://www.springframework.org/schema/context"
	xsi:schemaLocation="
		http://www.springframework.org/schema/beans
		http://www.springframework.org/schema/beans/spring-beans-3.0.xsd
		http://www.springframework.org/schema/security
		http://www.springframework.org/schema/security/spring-security-3.0.xsd
		http://www.springframework.org/schema/context
		http://www.springframework.org/schema/context/spring-context-3.0.xsd
		http://www.springframework.org/schema/util 
		http://www.springframework.org/schema/util/spring-util-2.5.xsd">

	<util:properties id="propertyConfigurer" location="classpath:ipintu.properties" />
	
	<util:properties id="systemConfigurer" location="classpath:syscfg.properties" />

	<!-- dataSource for MySQL -->
	<bean id="dataSource" class="org.apache.commons.dbcp.BasicDataSource"
		destroy-method="close">
		<property name="driverClassName" value="com.mysql.jdbc.Driver" />
		<property name="url" value="jdbc:mysql://localhost:3306/ipintu"/>
		<property name="username" value="ipintu" />
		<property name="password" value="123" />
	</bean>

	<!-- WebEntrance servlet调用，负责处理客户端请求参数并启动任务 -->

	<bean id="appStarter" class="com.pintu.facade.AppStarter">
		<property name="apiAdaptor" ref="apiAdaptor" />
		<property name="taskStarter" ref="taskStarter" />
		<property name="synchProcess" ref="synchProcess" />
		<property name="dailySync" ref="dailySync" />
	</bean>
	<bean id="apiAdaptor" class="com.pintu.facade.ApiAdaptor">
		<property name="pintuService" ref="pintuService" />
	</bean>
	<bean id="taskStarter" class="com.pintu.jobs.TaskStarter">
		<property name="dbVisitor" ref="dbAcess" />
		<property name="cacheVisitor" ref="cacheAccess" />
		<property name="propertyConfigurer" ref="propertyConfigurer" />
	</bean>
	<bean id="pintuService" class="com.pintu.facade.PintuServiceImplement">
		<property name="dbVisitor" ref="dbAcess" />
		<property name="cacheVisitor" ref="cacheAccess" />
		<property name="imgProcessor" ref="imgProcessor" />
		<property name="propertyConfigurer" ref="propertyConfigurer" />
		<property name="systemConfigurer" ref="systemConfigurer" />
	</bean>
	<!-- 同步缓存对象到数据库操作 -->
	<bean id="executor" class="com.pintu.sync.SyncExecute">
		<property name="dbVisitor" ref="dbAcess" />
		<property name="cacheVisitor" ref="cacheAccess" />
	</bean>
	<bean id="synchProcess" class="com.pintu.sync.CacheToDB">
		<property name="executor" ref="executor" />
	</bean>
	<bean id="worker" class="com.pintu.sync.DailySync">
		<property name="dbVisitor" ref="dbAcess" />
		<property name="cacheVisitor" ref="cacheAccess" />
		<property name="pintuService" ref="pintuService" />
		<property name="propertyConfigurer" ref="propertyConfigurer" />
	</bean>
	<bean id="dailySync" class="com.pintu.sync.DBToCache">
		<property name="executor" ref="worker" />
	</bean>

	<!--将共享的DataSource实例注入到DAO中，JdbcTemplate实例在DataSource的setter方法中被创建 -->
	<bean id="dbAcess" class="com.pintu.dao.impl.DBAccessImplement">
		<property name="dataSource" ref="dataSource" />
	</bean>
	<bean id="cacheAccess" class="com.pintu.dao.impl.CacheAccessImplement">
		<property name="pintuCache" ref="pintuCache" />
	</bean>
	<!-- 图片处理配置 -->
	<bean id="imgProcessor" class="com.pintu.tools.ImgDataProcessor">
		<!-- 线程池个数 -->
		<constructor-arg type="int" value="10" />
		<property name="cacheAccess" ref="cacheAccess" />
	</bean>
	<bean id="pintuCache" class="com.pintu.cache.PintuCache" />
</beans>